,Movie Name,Movie Release Year,Movie Ratings,Movie Image,Movie Links
0,The Shawshank Redemption,(1994),9.2,"https://m.media-amazon.com/images/M/MV5BMDFkYTc0MGEtZmNhMC00ZDIzLWFmNTEtODM1ZmRlYWMwMWFmXkEyXkFqcGdeQXVyMTMxODk2OTU@._V1_UY67_CR0,0,45,67_AL_.jpg",https://www.imdb.com//title/tt0111161/
1,The Dark Knight,(2008),9.0,"https://m.media-amazon.com/images/M/MV5BMTMxNTMwODM0NF5BMl5BanBnXkFtZTcwODAyMTk2Mw@@._V1_UY67_CR0,0,45,67_AL_.jpg",https://www.imdb.com//title/tt0468569/
2,Inception,(2010),8.7,"https://m.media-amazon.com/images/M/MV5BMjAxMzY3NjcxNF5BMl5BanBnXkFtZTcwNTI5OTM0Mw@@._V1_UY67_CR0,0,45,67_AL_.jpg",https://www.imdb.com//title/tt1375666/
3,Fight Club,(1999),8.8,"https://m.media-amazon.com/images/M/MV5BNDIzNDU0YzEtYzE5Ni00ZjlkLTk5ZjgtNjM3NWE4YzA3Nzk3XkEyXkFqcGdeQXVyMjUzOTY1NTc@._V1_UY67_CR0,0,45,67_AL_.jpg",https://www.imdb.com//title/tt0137523/
4,Forrest Gump,(1994),8.8,"https://m.media-amazon.com/images/M/MV5BNWIwODRlZTUtY2U3ZS00Yzg1LWJhNzYtMmZiYmEyNmU1NjMzXkEyXkFqcGdeQXVyMTQxNzMzNDI@._V1_UY67_CR0,0,45,67_AL_.jpg",https://www.imdb.com//title/tt0109830/
5,Pulp Fiction,(1994),8.9,"https://m.media-amazon.com/images/M/MV5BNGNhMDIzZTUtNTBlZi00MTRlLWFjM2ItYzViMjE3YzI5MjljXkEyXkFqcGdeQXVyNzkwMjQ5NzM@._V1_UY67_CR0,0,45,67_AL_.jpg",https://www.imdb.com//title/tt0110912/
6,The Matrix,(1999),8.7,"https://m.media-amazon.com/images/M/MV5BNzQzOTk3OTAtNDQ0Zi00ZTVkLWI0MTEtMDllZjNkYzNjNTc4L2ltYWdlXkEyXkFqcGdeQXVyNjU0OTQ0OTY@._V1_UX45_CR0,0,45,67_AL_.jpg",https://www.imdb.com//title/tt0133093/
7,The Lord of the Rings: The Fellowship of the Ring,(2001),8.8,"https://m.media-amazon.com/images/M/MV5BN2EyZjM3NzUtNWUzMi00MTgxLWI0NTctMzY4M2VlOTdjZWRiXkEyXkFqcGdeQXVyNDUzOTQ5MjY@._V1_UY67_CR0,0,45,67_AL_.jpg",https://www.imdb.com//title/tt0120737/
8,The Lord of the Rings: The Return of the King,(2003),8.9,"https://m.media-amazon.com/images/M/MV5BNzA5ZDNlZWMtM2NhNS00NDJjLTk4NDItYTRmY2EwMWZlMTY3XkEyXkFqcGdeQXVyNzkwMjQ5NzM@._V1_UY67_CR0,0,45,67_AL_.jpg",https://www.imdb.com//title/tt0167260/
9,The Godfather,(1972),9.2,"https://m.media-amazon.com/images/M/MV5BM2MyNjYxNmUtYTAwNi00MTYxLWJmNWYtYzZlODY3ZTk3OTFlXkEyXkFqcGdeQXVyNzkwMjQ5NzM@._V1_UY67_CR1,0,45,67_AL_.jpg",https://www.imdb.com//title/tt0068646/
10,Interstellar,(2014),8.6,"https://m.media-amazon.com/images/M/MV5BZjdkOTU3MDktN2IxOS00OGEyLWFmMjktY2FiMmZkNWIyODZiXkEyXkFqcGdeQXVyMTMxODk2OTU@._V1_UY67_CR0,0,45,67_AL_.jpg",https://www.imdb.com//title/tt0816692/
11,The Dark Knight Rises,(2012),8.3,"https://m.media-amazon.com/images/M/MV5BMTk4ODQzNDY3Ml5BMl5BanBnXkFtZTcwODA0NTM4Nw@@._V1_UY67_CR0,0,45,67_AL_.jpg",https://www.imdb.com//title/tt1345836/
12,The Lord of the Rings: The Two Towers,(2002),8.7,"https://m.media-amazon.com/images/M/MV5BZGMxZTdjZmYtMmE2Ni00ZTdkLWI5NTgtNjlmMjBiNzU2MmI5XkEyXkFqcGdeQXVyNjU0OTQ0OTY@._V1_UX45_CR0,0,45,67_AL_.jpg",https://www.imdb.com//title/tt0167261/
13,Se7en,(1995),8.6,"https://m.media-amazon.com/images/M/MV5BOTUwODM5MTctZjczMi00OTk4LTg3NWUtNmVhMTAzNTNjYjcyXkEyXkFqcGdeQXVyNjU0OTQ0OTY@._V1_UX45_CR0,0,45,67_AL_.jpg",https://www.imdb.com//title/tt0114369/
14,Django Unchained,(2012),8.4,"https://m.media-amazon.com/images/M/MV5BMjIyNTQ5NjQ1OV5BMl5BanBnXkFtZTcwODg1MDU4OA@@._V1_UY67_CR0,0,45,67_AL_.jpg",https://www.imdb.com//title/tt1853728/
15,Gladiator,(2000),8.5,"https://m.media-amazon.com/images/M/MV5BMDliMmNhNDEtODUyOS00MjNlLTgxODEtN2U3NzIxMGVkZTA1L2ltYWdlXkEyXkFqcGdeQXVyNjU0OTQ0OTY@._V1_UY67_CR0,0,45,67_AL_.jpg",https://www.imdb.com//title/tt0172495/
16,Batman Begins,(2005),8.2,"https://m.media-amazon.com/images/M/MV5BOTY4YjI2N2MtYmFlMC00ZjcyLTg3YjEtMDQyM2ZjYzQ5YWFkXkEyXkFqcGdeQXVyMTQxNzMzNDI@._V1_UY67_CR0,0,45,67_AL_.jpg",https://www.imdb.com//title/tt0372784/
17,Inglourious Basterds,(2009),8.3,"https://m.media-amazon.com/images/M/MV5BOTJiNDEzOWYtMTVjOC00ZjlmLWE0NGMtZmE1OWVmZDQ2OWJhXkEyXkFqcGdeQXVyNTIzOTk5ODM@._V1_UY67_CR0,0,45,67_AL_.jpg",https://www.imdb.com//title/tt0361748/
18,The Silence of the Lambs,(1991),8.6,"https://m.media-amazon.com/images/M/MV5BNjNhZTk0ZmEtNjJhMi00YzFlLWE1MmEtYzM1M2ZmMGMwMTU4XkEyXkFqcGdeQXVyNjU0OTQ0OTY@._V1_UY67_CR0,0,45,67_AL_.jpg",https://www.imdb.com//title/tt0102926/
19,Saving Private Ryan,(1998),8.6,"https://m.media-amazon.com/images/M/MV5BZjhkMDM4MWItZTVjOC00ZDRhLThmYTAtM2I5NzBmNmNlMzI1XkEyXkFqcGdeQXVyNDYyMDk5MTU@._V1_UY67_CR0,0,45,67_AL_.jpg",https://www.imdb.com//title/tt0120815/
20,The Wolf of Wall Street,(2013),8.2,"https://m.media-amazon.com/images/M/MV5BMjIxMjgxNTk0MF5BMl5BanBnXkFtZTgwNjIyOTg2MDE@._V1_UY67_CR0,0,45,67_AL_.jpg",https://www.imdb.com//title/tt0993846/
21,Star Wars,(1977),8.6,"https://m.media-amazon.com/images/M/MV5BNzVlY2MwMjktM2E4OS00Y2Y3LWE3ZjctYzhkZGM3YzA1ZWM2XkEyXkFqcGdeQXVyNzkwMjQ5NzM@._V1_UX45_CR0,0,45,67_AL_.jpg",https://www.imdb.com//title/tt0076759/
22,Schindler's List,(1993),8.9,"https://m.media-amazon.com/images/M/MV5BNDE4OTMxMTctNmRhYy00NWE2LTg3YzItYTk3M2UwOTU5Njg4XkEyXkFqcGdeQXVyNjU0OTQ0OTY@._V1_UX45_CR0,0,45,67_AL_.jpg",https://www.imdb.com//title/tt0108052/
23,The Prestige,(2006),8.5,"https://m.media-amazon.com/images/M/MV5BMjA4NDI0MTIxNF5BMl5BanBnXkFtZTYwNTM0MzY2._V1_UY67_CR0,0,45,67_AL_.jpg",https://www.imdb.com//title/tt0482571/
24,The Departed,(2006),8.5,"https://m.media-amazon.com/images/M/MV5BMTI1MTY2OTIxNV5BMl5BanBnXkFtZTYwNjQ4NjY3._V1_UY67_CR0,0,45,67_AL_.jpg",https://www.imdb.com//title/tt0407887/
25,The Green Mile,(1999),8.6,"https://m.media-amazon.com/images/M/MV5BMTUxMzQyNjA5MF5BMl5BanBnXkFtZTYwOTU2NTY3._V1_UY67_CR0,0,45,67_AL_.jpg",https://www.imdb.com//title/tt0120689/
26,Shutter Island,(2010),8.2,"https://m.media-amazon.com/images/M/MV5BYzhiNDkyNzktNTZmYS00ZTBkLTk2MDAtM2U0YjU1MzgxZjgzXkEyXkFqcGdeQXVyMTMxODk2OTU@._V1_UY67_CR0,0,45,67_AL_.jpg",https://www.imdb.com//title/tt1130884/
27,The Empire Strikes Back,(1980),8.7,"https://m.media-amazon.com/images/M/MV5BYmU1NDRjNDgtMzhiMi00NjZmLTg5NGItZDNiZjU5NTU4OTE0XkEyXkFqcGdeQXVyNzkwMjQ5NzM@._V1_UX45_CR0,0,45,67_AL_.jpg",https://www.imdb.com//title/tt0080684/
28,The Godfather: Part II,(1974),9.0,"https://m.media-amazon.com/images/M/MV5BMWMwMGQzZTItY2JlNC00OWZiLWIyMDctNDk2ZDQ2YjRjMWQ0XkEyXkFqcGdeQXVyNzkwMjQ5NzM@._V1_UY67_CR1,0,45,67_AL_.jpg",https://www.imdb.com//title/tt0071562/
29,Memento,(2000),8.4,"https://m.media-amazon.com/images/M/MV5BZTcyNjk1MjgtOWI3Mi00YzQwLWI5MTktMzY4ZmI2NDAyNzYzXkEyXkFqcGdeQXVyNjU0OTQ0OTY@._V1_UY67_CR0,0,45,67_AL_.jpg",https://www.imdb.com//title/tt0209144/
30,Joker,(2019),8.3,"https://m.media-amazon.com/images/M/MV5BNGVjNWI4ZGUtNzE0MS00YTJmLWE0ZDctN2ZiYTk2YmI3NTYyXkEyXkFqcGdeQXVyMTkxNjUyNQ@@._V1_UY67_CR0,0,45,67_AL_.jpg",https://www.imdb.com//title/tt7286456/
31,Back to the Future,(1985),8.5,"https://m.media-amazon.com/images/M/MV5BZmU0M2Y1OGUtZjIxNi00ZjBkLTg1MjgtOWIyNThiZWIwYjRiXkEyXkFqcGdeQXVyMTQxNzMzNDI@._V1_UX45_CR0,0,45,67_AL_.jpg",https://www.imdb.com//title/tt0088763/
32,American Beauty,(1999),8.3,"https://m.media-amazon.com/images/M/MV5BNTBmZWJkNjctNDhiNC00MGE2LWEwOTctZTk5OGVhMWMyNmVhXkEyXkFqcGdeQXVyMTMxODk2OTU@._V1_UY67_CR0,0,45,67_AL_.jpg",https://www.imdb.com//title/tt0169547/
33,Léon,(1994),8.5,"https://m.media-amazon.com/images/M/MV5BODllNWE0MmEtYjUwZi00ZjY3LThmNmQtZjZlMjI2YTZjYmQ0XkEyXkFqcGdeQXVyNTc1NTQxODI@._V1_UX45_CR0,0,45,67_AL_.jpg",https://www.imdb.com//title/tt0110413/
34,Goodfellas,(1990),8.7,"https://m.media-amazon.com/images/M/MV5BY2NkZjEzMDgtN2RjYy00YzM1LWI4ZmQtMjIwYjFjNmI3ZGEwXkEyXkFqcGdeQXVyNzkwMjQ5NzM@._V1_UX45_CR0,0,45,67_AL_.jpg",https://www.imdb.com//title/tt0099685/
35,V for Vendetta,(2005),8.1,"https://m.media-amazon.com/images/M/MV5BOTI5ODc3NzExNV5BMl5BanBnXkFtZTcwNzYxNzQzMw@@._V1_UY67_CR0,0,45,67_AL_.jpg",https://www.imdb.com//title/tt0434409/
36,American History X,(1998),8.5,"https://m.media-amazon.com/images/M/MV5BZTJhN2FkYWEtMGI0My00YWM4LWI2MjAtM2UwNjY4MTI2ZTQyXkEyXkFqcGdeQXVyNjc3MjQzNTI@._V1_UY67_CR0,0,45,67_AL_.jpg",https://www.imdb.com//title/tt0120586/
37,Kill Bill: Vol. 1,(2003),8.1,"https://m.media-amazon.com/images/M/MV5BNzM3NDFhYTAtYmU5Mi00NGRmLTljYjgtMDkyODQ4MjNkMGY2XkEyXkFqcGdeQXVyNzkwMjQ5NzM@._V1_UX45_CR0,0,45,67_AL_.jpg",https://www.imdb.com//title/tt0266697/
38,WALL·E,(2008),8.4,"https://m.media-amazon.com/images/M/MV5BMjExMTg5OTU0NF5BMl5BanBnXkFtZTcwMjMxMzMzMw@@._V1_UY67_CR0,0,45,67_AL_.jpg",https://www.imdb.com//title/tt0910970/
39,Pirates of the Caribbean: The Curse of the Black Pearl,(2003),8.0,"https://m.media-amazon.com/images/M/MV5BNGYyZGM5MGMtYTY2Ni00M2Y1LWIzNjQtYWUzM2VlNGVhMDNhXkEyXkFqcGdeQXVyMTMxODk2OTU@._V1_UX45_CR0,0,45,67_AL_.jpg",https://www.imdb.com//title/tt0325980/
40,Terminator 2: Judgment Day,(1991),8.5,"https://m.media-amazon.com/images/M/MV5BMGU2NzRmZjUtOGUxYS00ZjdjLWEwZWItY2NlM2JhNjkxNTFmXkEyXkFqcGdeQXVyNjU0OTQ0OTY@._V1_UY67_CR0,0,45,67_AL_.jpg",https://www.imdb.com//title/tt0103064/
41,The Usual Suspects,(1995),8.5,"https://m.media-amazon.com/images/M/MV5BYTViNjMyNmUtNDFkNC00ZDRlLThmMDUtZDU2YWE4NGI2ZjVmXkEyXkFqcGdeQXVyNjU0OTQ0OTY@._V1_UX45_CR0,0,45,67_AL_.jpg",https://www.imdb.com//title/tt0114814/
42,Avengers: Endgame,(2019),8.3,"https://m.media-amazon.com/images/M/MV5BMTc5MDE2ODcwNV5BMl5BanBnXkFtZTgwMzI2NzQ2NzM@._V1_UY67_CR0,0,45,67_AL_.jpg",https://www.imdb.com//title/tt4154796/
43,The Truman Show,(1998),8.2,"https://m.media-amazon.com/images/M/MV5BMDIzODcyY2EtMmY2MC00ZWVlLTgwMzAtMjQwOWUyNmJjNTYyXkEyXkFqcGdeQXVyNDk3NzU2MTQ@._V1_UY67_CR0,0,45,67_AL_.jpg",https://www.imdb.com//title/tt0120382/
44,The Lion King,(1994),8.5,"https://m.media-amazon.com/images/M/MV5BYTYxNGMyZTYtMjE3MS00MzNjLWFjNmYtMDk3N2FmM2JiM2M1XkEyXkFqcGdeQXVyNjY5NDU4NzI@._V1_UY67_CR0,0,45,67_AL_.jpg",https://www.imdb.com//title/tt0110357/
45,Star Wars: Episode VI - Return of the Jedi,(1983),8.3,"https://m.media-amazon.com/images/M/MV5BOWZlMjFiYzgtMTUzNC00Y2IzLTk1NTMtZmNhMTczNTk0ODk1XkEyXkFqcGdeQXVyNTAyODkwOQ@@._V1_UX45_CR0,0,45,67_AL_.jpg",https://www.imdb.com//title/tt0086190/
46,Braveheart,(1995),8.3,"https://m.media-amazon.com/images/M/MV5BMzkzMmU0YTYtOWM3My00YzBmLWI0YzctOGYyNTkwMWE5MTJkXkEyXkFqcGdeQXVyNzkwMjQ5NzM@._V1_UY67_CR0,0,45,67_AL_.jpg",https://www.imdb.com//title/tt0112573/
47,Finding Nemo,(2003),8.1,"https://m.media-amazon.com/images/M/MV5BZTAzNWZlNmUtZDEzYi00ZjA5LWIwYjEtZGM1NWE1MjE4YWRhXkEyXkFqcGdeQXVyNjU0OTQ0OTY@._V1_UY67_CR0,0,45,67_AL_.jpg",https://www.imdb.com//title/tt0266543/
48,Up,(2009),8.2,"https://m.media-amazon.com/images/M/MV5BMTk3NDE2NzI4NF5BMl5BanBnXkFtZTgwNzE1MzEyMTE@._V1_UX45_CR0,0,45,67_AL_.jpg",https://www.imdb.com//title/tt1049413/
49,Avengers: Infinity War,(2018),8.4,"https://m.media-amazon.com/images/M/MV5BMjMxNjY2MDU1OV5BMl5BanBnXkFtZTgwNzY1MTUwNTM@._V1_UY67_CR0,0,45,67_AL_.jpg",https://www.imdb.com//title/tt4154756/
50,Reservoir Dogs,(1992),8.3,"https://m.media-amazon.com/images/M/MV5BZmExNmEwYWItYmQzOS00YjA5LTk2MjktZjEyZDE1Y2QxNjA1XkEyXkFqcGdeQXVyMTQxNzMzNDI@._V1_UX45_CR0,0,45,67_AL_.jpg",https://www.imdb.com//title/tt0105236/
51,One Flew Over the Cuckoo's Nest,(1975),8.6,"https://m.media-amazon.com/images/M/MV5BZjA0OWVhOTAtYWQxNi00YzNhLWI4ZjYtNjFjZTEyYjJlNDVlL2ltYWdlL2ltYWdlXkEyXkFqcGdeQXVyMTQxNzMzNDI@._V1_UY67_CR0,0,45,67_AL_.jpg",https://www.imdb.com//title/tt0073486/
52,The Shining,(1980),8.4,"https://m.media-amazon.com/images/M/MV5BZWFlYmY2MGEtZjVkYS00YzU4LTg0YjQtYzY1ZGE3NTA5NGQxXkEyXkFqcGdeQXVyMTQxNzMzNDI@._V1_UX45_CR0,0,45,67_AL_.jpg",https://www.imdb.com//title/tt0081505/
53,Eternal Sunshine of the Spotless Mind,(2004),8.3,"https://m.media-amazon.com/images/M/MV5BMTY4NzcwODg3Nl5BMl5BanBnXkFtZTcwNTEwOTMyMw@@._V1_UY67_CR0,0,45,67_AL_.jpg",https://www.imdb.com//title/tt0338013/
54,The Sixth Sense,(1999),8.2,"https://m.media-amazon.com/images/M/MV5BMWM4NTFhYjctNzUyNi00NGMwLTk3NTYtMDIyNTZmMzRlYmQyXkEyXkFqcGdeQXVyMTAwMzUyOTc@._V1_UY67_CR0,0,45,67_AL_.jpg",https://www.imdb.com//title/tt0167404/
55,Mad Max: Fury Road,(2015),8.1,"https://m.media-amazon.com/images/M/MV5BN2EwM2I5OWMtMGQyMi00Zjg1LWJkNTctZTdjYTA4OGUwZjMyXkEyXkFqcGdeQXVyMTMxODk2OTU@._V1_UY67_CR0,0,45,67_AL_.jpg",https://www.imdb.com//title/tt1392190/
56,Toy Story,(1995),8.3,"https://m.media-amazon.com/images/M/MV5BMDU2ZWJlMjktMTRhMy00ZTA5LWEzNDgtYmNmZTEwZTViZWJkXkEyXkFqcGdeQXVyNDQ2OTk4MzI@._V1_UX45_CR0,0,45,67_AL_.jpg",https://www.imdb.com//title/tt0114709/
57,Gone Girl,(2014),8.1,"https://m.media-amazon.com/images/M/MV5BMTk0MDQ3MzAzOV5BMl5BanBnXkFtZTgwNzU1NzE3MjE@._V1_UY67_CR0,0,45,67_AL_.jpg",https://www.imdb.com//title/tt2267998/
58,Jurassic Park,(1993),8.1,"https://m.media-amazon.com/images/M/MV5BMjM2MDgxMDg0Nl5BMl5BanBnXkFtZTgwNTM2OTM5NDE@._V1_UX45_CR0,0,45,67_AL_.jpg",https://www.imdb.com//title/tt0107290/
59,Raiders of the Lost Ark,(1981),8.4,"https://m.media-amazon.com/images/M/MV5BMjA0ODEzMTc1Nl5BMl5BanBnXkFtZTcwODM2MjAxNA@@._V1_UX45_CR0,0,45,67_AL_.jpg",https://www.imdb.com//title/tt0082971/
60,No Country for Old Men,(2007),8.1,"https://m.media-amazon.com/images/M/MV5BMjA5Njk3MjM4OV5BMl5BanBnXkFtZTcwMTc5MTE1MQ@@._V1_UY67_CR0,0,45,67_AL_.jpg",https://www.imdb.com//title/tt0477348/
61,Good Will Hunting,(1997),8.3,"https://m.media-amazon.com/images/M/MV5BOTI0MzcxMTYtZDVkMy00NjY1LTgyMTYtZmUxN2M3NmQ2NWJhXkEyXkFqcGdeQXVyMTQxNzMzNDI@._V1_UX45_CR0,0,45,67_AL_.jpg",https://www.imdb.com//title/tt0119217/
62,Catch Me If You Can,(2002),8.1,"https://m.media-amazon.com/images/M/MV5BMTY5MzYzNjc5NV5BMl5BanBnXkFtZTYwNTUyNTc2._V1_UY67_CR0,0,45,67_AL_.jpg",https://www.imdb.com//title/tt0264464/
63,A Beautiful Mind,(2001),8.2,"https://m.media-amazon.com/images/M/MV5BMzcwYWFkYzktZjAzNC00OGY1LWI4YTgtNzc5MzVjMDVmNjY0XkEyXkFqcGdeQXVyMTQxNzMzNDI@._V1_UY67_CR0,0,45,67_AL_.jpg",https://www.imdb.com//title/tt0268978/
64,"Monsters, Inc.",(2001),8.1,"https://m.media-amazon.com/images/M/MV5BMTY1NTI0ODUyOF5BMl5BanBnXkFtZTgwNTEyNjQ0MDE@._V1_UY67_CR0,0,45,67_AL_.jpg",https://www.imdb.com//title/tt0198781/
65,Die Hard,(1988),8.2,"https://m.media-amazon.com/images/M/MV5BZjRlNDUxZjAtOGQ4OC00OTNlLTgxNmQtYTBmMDgwZmNmNjkxXkEyXkFqcGdeQXVyNzkwMjQ5NzM@._V1_UX45_CR0,0,45,67_AL_.jpg",https://www.imdb.com//title/tt0095016/
66,Alien,(1979),8.4,"https://m.media-amazon.com/images/M/MV5BMmQ2MmU3NzktZjAxOC00ZDZhLTk4YzEtMDMyMzcxY2IwMDAyXkEyXkFqcGdeQXVyNzkwMjQ5NzM@._V1_UY67_CR0,0,45,67_AL_.jpg",https://www.imdb.com//title/tt0078748/
67,Harry Potter and the Deathly Hallows: Part 2,(2011),8.1,"https://m.media-amazon.com/images/M/MV5BMGVmMWNiMDktYjQ0Mi00MWIxLTk0N2UtN2ZlYTdkN2IzNDNlXkEyXkFqcGdeQXVyODE5NzE3OTE@._V1_UX45_CR0,0,45,67_AL_.jpg",https://www.imdb.com//title/tt1201607/
68,The Terminator,(1984),8.1,"https://m.media-amazon.com/images/M/MV5BYTViNzMxZjEtZGEwNy00MDNiLWIzNGQtZDY2MjQ1OWViZjFmXkEyXkFqcGdeQXVyNzkwMjQ5NzM@._V1_UX45_CR0,0,45,67_AL_.jpg",https://www.imdb.com//title/tt0088247/
69,Snatch,(2000),8.2,"https://m.media-amazon.com/images/M/MV5BMTA2NDYxOGYtYjU1Mi00Y2QzLTgxMTQtMWI1MGI0ZGQ5MmU4XkEyXkFqcGdeQXVyNDk3NzU2MTQ@._V1_UY67_CR0,0,45,67_AL_.jpg",https://www.imdb.com//title/tt0208092/
70,The Intouchables,(2011),8.5,"https://m.media-amazon.com/images/M/MV5BMTYxNDA3MDQwNl5BMl5BanBnXkFtZTcwNTU4Mzc1Nw@@._V1_UY67_CR0,0,45,67_AL_.jpg",https://www.imdb.com//title/tt1675434/
71,Requiem for a Dream,(2000),8.3,"https://m.media-amazon.com/images/M/MV5BOTdiNzJlOWUtNWMwNS00NmFlLWI0YTEtZmI3YjIzZWUyY2Y3XkEyXkFqcGdeQXVyNjU0OTQ0OTY@._V1_UX45_CR0,0,45,67_AL_.jpg",https://www.imdb.com//title/tt0180093/
72,Toy Story 3,(2010),8.3,"https://m.media-amazon.com/images/M/MV5BMTgxOTY4Mjc0MF5BMl5BanBnXkFtZTcwNTA4MDQyMw@@._V1_UY67_CR1,0,45,67_AL_.jpg",https://www.imdb.com//title/tt0435761/
73,A Clockwork Orange,(1971),8.3,"https://m.media-amazon.com/images/M/MV5BMTY3MjM1Mzc4N15BMl5BanBnXkFtZTgwODM0NzAxMDE@._V1_UY67_CR0,0,45,67_AL_.jpg",https://www.imdb.com//title/tt0066921/
74,Scarface,(1983),8.2,"https://m.media-amazon.com/images/M/MV5BNjdjNGQ4NDEtNTEwYS00MTgxLTliYzQtYzE2ZDRiZjFhZmNlXkEyXkFqcGdeQXVyNjU0OTQ0OTY@._V1_UX45_CR0,0,45,67_AL_.jpg",https://www.imdb.com//title/tt0086250/
75,Whiplash,(2014),8.5,"https://m.media-amazon.com/images/M/MV5BOTA5NDZlZGUtMjAxOS00YTRkLTkwYmMtYWQ0NWEwZDZiNjEzXkEyXkFqcGdeQXVyMTMxODk2OTU@._V1_UY67_CR0,0,45,67_AL_.jpg",https://www.imdb.com//title/tt2582802/
76,The Pianist,(2002),8.5,"https://m.media-amazon.com/images/M/MV5BOWRiZDIxZjktMTA1NC00MDQ2LWEzMjUtMTliZmY3NjQ3ODJiXkEyXkFqcGdeQXVyNjU0OTQ0OTY@._V1_UY67_CR2,0,45,67_AL_.jpg",https://www.imdb.com//title/tt0253474/
77,Taxi Driver,(1976),8.2,"https://m.media-amazon.com/images/M/MV5BM2M1MmVhNDgtNmI0YS00ZDNmLTkyNjctNTJiYTQ2N2NmYzc2XkEyXkFqcGdeQXVyNzkwMjQ5NzM@._V1_UX45_CR0,0,45,67_AL_.jpg",https://www.imdb.com//title/tt0075314/
78,The Big Lebowski,(1998),8.1,"https://m.media-amazon.com/images/M/MV5BMTQ0NjUzMDMyOF5BMl5BanBnXkFtZTgwODA1OTU0MDE@._V1_UX45_CR0,0,45,67_AL_.jpg",https://www.imdb.com//title/tt0118715/
79,The Grand Budapest Hotel,(2014),8.1,"https://m.media-amazon.com/images/M/MV5BMzM5NjUxOTEyMl5BMl5BanBnXkFtZTgwNjEyMDM0MDE@._V1_UY67_CR0,0,45,67_AL_.jpg",https://www.imdb.com//title/tt2278388/
80,Gran Torino,(2008),8.1,"https://m.media-amazon.com/images/M/MV5BMTc5NTk2OTU1Nl5BMl5BanBnXkFtZTcwMDc3NjAwMg@@._V1_UY67_CR0,0,45,67_AL_.jpg",https://www.imdb.com//title/tt1205489/
81,12 Angry Men,(1957),9.0,"https://m.media-amazon.com/images/M/MV5BMWU4N2FjNzYtNTVkNC00NzQ0LTg0MjAtYTJlMjFhNGUxZDFmXkEyXkFqcGdeQXVyNjc1NTYyMjg@._V1_UX45_CR0,0,45,67_AL_.jpg",https://www.imdb.com//title/tt0050083/
82,Blade Runner,(1982),8.1,"https://m.media-amazon.com/images/M/MV5BNzQzMzJhZTEtOWM4NS00MTdhLTg0YjgtMjM4MDRkZjUwZDBlXkEyXkFqcGdeQXVyNjU0OTQ0OTY@._V1_UY67_CR0,0,45,67_AL_.jpg",https://www.imdb.com//title/tt0083658/
83,Le fabuleux destin d'Amélie Poulain,(2001),8.3,"https://m.media-amazon.com/images/M/MV5BNDg4NjM1YjMtYmNhZC00MjM0LWFiZmYtNGY1YjA3MzZmODc5XkEyXkFqcGdeQXVyNDk3NzU2MTQ@._V1_UX45_CR0,0,45,67_AL_.jpg",https://www.imdb.com//title/tt0211915/
84,"Il buono, il brutto, il cattivo",(1966),8.8,"https://m.media-amazon.com/images/M/MV5BNjJlYmNkZGItM2NhYy00MjlmLTk5NmQtNjg1NmM2ODU4OTMwXkEyXkFqcGdeQXVyMjUzOTY1NTc@._V1_UX45_CR0,0,45,67_AL_.jpg",https://www.imdb.com//title/tt0060196/
85,Cidade de Deus,(2002),8.6,"https://m.media-amazon.com/images/M/MV5BOTMwYjc5ZmItYTFjZC00ZGQ3LTlkNTMtMjZiNTZlMWQzNzI5XkEyXkFqcGdeQXVyNzkwMjQ5NzM@._V1_UX45_CR0,0,45,67_AL_.jpg",https://www.imdb.com//title/tt0317248/
86,Indiana Jones and the Last Crusade,(1989),8.2,"https://m.media-amazon.com/images/M/MV5BMjNkMzc2N2QtNjVlNS00ZTk5LTg0MTgtODY2MDAwNTMwZjBjXkEyXkFqcGdeQXVyNDk3NzU2MTQ@._V1_UY67_CR0,0,45,67_AL_.jpg",https://www.imdb.com//title/tt0097576/
87,Gisaengchung,(2019),8.5,"https://m.media-amazon.com/images/M/MV5BYWZjMjk3ZTItODQ2ZC00NTY5LWE0ZDYtZTI3MjcwN2Q5NTVkXkEyXkFqcGdeQXVyODk4OTc3MTY@._V1_UY67_CR0,0,45,67_AL_.jpg",https://www.imdb.com//title/tt6751668/
88,Sen to Chihiro no kamikakushi,(2001),8.5,"https://m.media-amazon.com/images/M/MV5BMjlmZmI5MDctNDE2YS00YWE0LWE5ZWItZDBhYWQ0NTcxNWRhXkEyXkFqcGdeQXVyMTMxODk2OTU@._V1_UY67_CR0,0,45,67_AL_.jpg",https://www.imdb.com//title/tt0245429/
89,Logan,(2017),8.0,"https://m.media-amazon.com/images/M/MV5BYzc5MTU4N2EtYTkyMi00NjdhLTg3NWEtMTY4OTEyMzJhZTAzXkEyXkFqcGdeQXVyNjc1NTYyMjg@._V1_UX45_CR0,0,45,67_AL_.jpg",https://www.imdb.com//title/tt3315342/
90,Full Metal Jacket,(1987),8.2,"https://m.media-amazon.com/images/M/MV5BNzkxODk0NjEtYjc4Mi00ZDI0LTgyYjEtYzc1NDkxY2YzYTgyXkEyXkFqcGdeQXVyNzkwMjQ5NzM@._V1_UX45_CR0,0,45,67_AL_.jpg",https://www.imdb.com//title/tt0093058/
91,How to Train Your Dragon,(2010),8.1,"https://m.media-amazon.com/images/M/MV5BMjA5NDQyMjc2NF5BMl5BanBnXkFtZTcwMjg5ODcyMw@@._V1_UY67_CR0,0,45,67_AL_.jpg",https://www.imdb.com//title/tt0892769/
92,The Incredibles,(2004),8.0,"https://m.media-amazon.com/images/M/MV5BMTY5OTU0OTc2NV5BMl5BanBnXkFtZTcwMzU4MDcyMQ@@._V1_UY67_CR0,0,45,67_AL_.jpg",https://www.imdb.com//title/tt0317705/
93,Aliens,(1986),8.4,"https://m.media-amazon.com/images/M/MV5BZGU2OGY5ZTYtMWNhYy00NjZiLWI0NjUtZmNhY2JhNDRmODU3XkEyXkFqcGdeQXVyNzkwMjQ5NzM@._V1_UX45_CR0,0,45,67_AL_.jpg",https://www.imdb.com//title/tt0090605/
94,Ratatouille,(2007),8.0,"https://m.media-amazon.com/images/M/MV5BMTMzODU0NTkxMF5BMl5BanBnXkFtZTcwMjQ4MzMzMw@@._V1_UY67_CR0,0,45,67_AL_.jpg",https://www.imdb.com//title/tt0382932/
95,12 Years a Slave,(2013),8.1,"https://m.media-amazon.com/images/M/MV5BMjExMTEzODkyN15BMl5BanBnXkFtZTcwNTU4NTc4OQ@@._V1_UY67_CR0,0,45,67_AL_.jpg",https://www.imdb.com//title/tt2024544/
96,Inside Out,(2015),8.1,"https://m.media-amazon.com/images/M/MV5BOTgxMDQwMDk0OF5BMl5BanBnXkFtZTgwNjU5OTg2NDE@._V1_UY67_CR0,0,45,67_AL_.jpg",https://www.imdb.com//title/tt2096673/
97,La vita è bella,(1997),8.6,"https://m.media-amazon.com/images/M/MV5BYmJmM2Q4NmMtYThmNC00ZjRlLWEyZmItZTIwOTBlZDQ3NTQ1XkEyXkFqcGdeQXVyMTQxNzMzNDI@._V1_UX45_CR0,0,45,67_AL_.jpg",https://www.imdb.com//title/tt0118799/
98,Million Dollar Baby,(2004),8.1,"https://m.media-amazon.com/images/M/MV5BMTkxNzA1NDQxOV5BMl5BanBnXkFtZTcwNTkyMTIzMw@@._V1_UY67_CR0,0,45,67_AL_.jpg",https://www.imdb.com//title/tt0405159/
99,Prisoners,(2013),8.1,"https://m.media-amazon.com/images/M/MV5BMTg0NTIzMjQ1NV5BMl5BanBnXkFtZTcwNDc3MzM5OQ@@._V1_UY67_CR0,0,45,67_AL_.jpg",https://www.imdb.com//title/tt1392214/
100,Trainspotting,(1996),8.1,"https://m.media-amazon.com/images/M/MV5BMzA5Zjc3ZTMtMmU5YS00YTMwLWI4MWUtYTU0YTVmNjVmODZhXkEyXkFqcGdeQXVyNjU0OTQ0OTY@._V1_UY67_CR0,0,45,67_AL_.jpg",https://www.imdb.com//title/tt0117951/
101,Fargo,(1996),8.1,"https://m.media-amazon.com/images/M/MV5BNDJiZDgyZjctYmRjMS00ZjdkLTkwMTEtNGU1NDg3NDQ0Yzk1XkEyXkFqcGdeQXVyNzkwMjQ5NzM@._V1_UY67_CR0,0,45,67_AL_.jpg",https://www.imdb.com//title/tt0116282/
102,Pan's Labyrinth,(2006),8.2,"https://m.media-amazon.com/images/M/MV5BYzFjMThiMGItOWRlMC00MDI4LThmOGUtYTNlZGZiYWI1YjMyXkEyXkFqcGdeQXVyMjUzOTY1NTc@._V1_UX45_CR0,0,45,67_AL_.jpg",https://www.imdb.com//title/tt0457430/
103,Psycho,(1960),8.5,"https://m.media-amazon.com/images/M/MV5BNTQwNDM1YzItNDAxZC00NWY2LTk0M2UtNDIwNWI5OGUyNWUxXkEyXkFqcGdeQXVyNzkwMjQ5NzM@._V1_UY67_CR0,0,45,67_AL_.jpg",https://www.imdb.com//title/tt0054215/
104,2001: A Space Odyssey,(1968),8.3,"https://m.media-amazon.com/images/M/MV5BMmNlYzRiNDctZWNhMi00MzI4LThkZTctMTUzMmZkMmFmNThmXkEyXkFqcGdeQXVyNzkwMjQ5NzM@._V1_UY67_CR0,0,45,67_AL_.jpg",https://www.imdb.com//title/tt0062622/
105,Apocalypse Now,(1979),8.4,"https://m.media-amazon.com/images/M/MV5BMDdhODg0MjYtYzBiOS00ZmI5LWEwZGYtZDEyNDU4MmQyNzFkXkEyXkFqcGdeQXVyNzkwMjQ5NzM@._V1_UX45_CR0,0,45,67_AL_.jpg",https://www.imdb.com//title/tt0078788/
106,Heat,(1995),8.2,"https://m.media-amazon.com/images/M/MV5BNGMwNzUwNjYtZWM5NS00YzMyLWI4NjAtNjM0ZDBiMzE1YWExXkEyXkFqcGdeQXVyNDk3NzU2MTQ@._V1_UY67_CR0,0,45,67_AL_.jpg",https://www.imdb.com//title/tt0113277/
107,Groundhog Day,(1993),8.0,"https://m.media-amazon.com/images/M/MV5BZWIxNzM5YzQtY2FmMS00Yjc3LWI1ZjUtNGVjMjMzZTIxZTIxXkEyXkFqcGdeQXVyNjU0OTQ0OTY@._V1_UY67_CR0,0,45,67_AL_.jpg",https://www.imdb.com//title/tt0107048/
108,Into the Wild,(2007),8.0,"https://m.media-amazon.com/images/M/MV5BMTAwNDEyODU1MjheQTJeQWpwZ15BbWU2MDc3NDQwNw@@._V1_UY67_CR0,0,45,67_AL_.jpg",https://www.imdb.com//title/tt0758758/
109,Jaws,(1975),8.1,"https://m.media-amazon.com/images/M/MV5BMmVmODY1MzEtYTMwZC00MzNhLWFkNDMtZjAwM2EwODUxZTA5XkEyXkFqcGdeQXVyNTAyODkwOQ@@._V1_UX45_CR0,0,45,67_AL_.jpg",https://www.imdb.com//title/tt0073195/
110,"Lock, Stock and Two Smoking Barrels",(1998),8.1,"https://m.media-amazon.com/images/M/MV5BMTAyN2JmZmEtNjAyMy00NzYwLThmY2MtYWQ3OGNhNjExMmM4XkEyXkFqcGdeQXVyNDk3NzU2MTQ@._V1_UX45_CR0,0,45,67_AL_.jpg",https://www.imdb.com//title/tt0120735/
111,L.A. Confidential,(1997),8.2,"https://m.media-amazon.com/images/M/MV5BMDQ2YzEyZGItYWRhOS00MjBmLTkzMDUtMTdjYzkyMmQxZTJlXkEyXkFqcGdeQXVyNjU0OTQ0OTY@._V1_UY67_CR0,0,45,67_AL_.jpg",https://www.imdb.com//title/tt0119488/
112,There Will Be Blood,(2007),8.2,"https://m.media-amazon.com/images/M/MV5BMjAxODQ4MDU5NV5BMl5BanBnXkFtZTcwMDU4MjU1MQ@@._V1_UY67_CR0,0,45,67_AL_.jpg",https://www.imdb.com//title/tt0469494/
113,Oldeuboi,(2003),8.3,"https://m.media-amazon.com/images/M/MV5BMTI3NTQyMzU5M15BMl5BanBnXkFtZTcwMTM2MjgyMQ@@._V1_UY67_CR0,0,45,67_AL_.jpg",https://www.imdb.com//title/tt0364569/
114,Casablanca,(1942),8.5,"https://m.media-amazon.com/images/M/MV5BY2IzZGY2YmEtYzljNS00NTM5LTgwMzUtMzM1NjQ4NGI0OTk0XkEyXkFqcGdeQXVyNDYyMDk5MTU@._V1_UX45_CR0,0,45,67_AL_.jpg",https://www.imdb.com//title/tt0034583/
115,Rocky,(1976),8.1,"https://m.media-amazon.com/images/M/MV5BMTY5MDMzODUyOF5BMl5BanBnXkFtZTcwMTQ3NTMyNA@@._V1_UX45_CR0,0,45,67_AL_.jpg",https://www.imdb.com//title/tt0075148/
116,Spider-Man: No Way Home,(2021),8.4,"https://m.media-amazon.com/images/M/MV5BZWMyYzFjYTYtNTRjYi00OGExLWE2YzgtOGRmYjAxZTU3NzBiXkEyXkFqcGdeQXVyMzQ0MzA0NTM@._V1_UY67_CR0,0,45,67_AL_.jpg",https://www.imdb.com//title/tt10872600/
117,1917,(2019),8.2,"https://m.media-amazon.com/images/M/MV5BOTdmNTFjNDEtNzg0My00ZjkxLTg1ZDAtZTdkMDc2ZmFiNWQ1XkEyXkFqcGdeQXVyNTAzNzgwNTg@._V1_UX45_CR0,0,45,67_AL_.jpg",https://www.imdb.com//title/tt8579674/
118,Monty Python and the Holy Grail,(1975),8.2,"https://m.media-amazon.com/images/M/MV5BN2IyNTE4YzUtZWU0Mi00MGIwLTgyMmQtMzQ4YzQxYWNlYWE2XkEyXkFqcGdeQXVyNjU0OTQ0OTY@._V1_UX45_CR0,0,45,67_AL_.jpg",https://www.imdb.com//title/tt0071853/
119,Dune: Part One,(2021),8.0,"https://m.media-amazon.com/images/M/MV5BN2FjNmEyNWMtYzM0ZS00NjIyLTg5YzYtYThlMGVjNzE1OGViXkEyXkFqcGdeQXVyMTkxNjUyNQ@@._V1_UY67_CR0,0,45,67_AL_.jpg",https://www.imdb.com//title/tt1160419/
120,Casino,(1995),8.2,"https://m.media-amazon.com/images/M/MV5BMTcxOWYzNDYtYmM4YS00N2NkLTk0NTAtNjg1ODgwZjAxYzI3XkEyXkFqcGdeQXVyNTA4NzY1MzY@._V1_UX45_CR0,0,45,67_AL_.jpg",https://www.imdb.com//title/tt0112641/
121,Hacksaw Ridge,(2016),8.1,"https://m.media-amazon.com/images/M/MV5BMjQ1NjM3MTUxNV5BMl5BanBnXkFtZTgwMDc5MTY5OTE@._V1_UX45_CR0,0,45,67_AL_.jpg",https://www.imdb.com//title/tt2119532/
122,"Three Billboards Outside Ebbing, Missouri",(2017),8.1,"https://m.media-amazon.com/images/M/MV5BMjI0ODcxNzM1N15BMl5BanBnXkFtZTgwMzIwMTEwNDI@._V1_UY67_CR0,0,45,67_AL_.jpg",https://www.imdb.com//title/tt5027774/
123,Spider-Man: Into the Spider-Verse,(2018),8.3,"https://m.media-amazon.com/images/M/MV5BMjMwNDkxMTgzOF5BMl5BanBnXkFtZTgwNTkwNTQ3NjM@._V1_UY67_CR0,0,45,67_AL_.jpg",https://www.imdb.com//title/tt4633694/
124,Rear Window,(1954),8.4,"https://m.media-amazon.com/images/M/MV5BNGUxYWM3M2MtMGM3Mi00ZmRiLWE0NGQtZjE5ODI2OTJhNTU0XkEyXkFqcGdeQXVyMTQxNzMzNDI@._V1_UY67_CR0,0,45,67_AL_.jpg",https://www.imdb.com//title/tt0047396/
125,Dr. Strangelove or: How I Learned to Stop Worrying and Love the Bomb,(1964),8.3,"https://m.media-amazon.com/images/M/MV5BZWI3ZTMxNjctMjdlNS00NmUwLWFiM2YtZDUyY2I3N2MxYTE0XkEyXkFqcGdeQXVyNzkwMjQ5NzM@._V1_UX45_CR0,0,45,67_AL_.jpg",https://www.imdb.com//title/tt0057012/
126,Coco,(2017),8.3,"https://m.media-amazon.com/images/M/MV5BYjQ5NjM0Y2YtNjZkNC00ZDhkLWJjMWItN2QyNzFkMDE3ZjAxXkEyXkFqcGdeQXVyODIxMzk5NjA@._V1_UY67_CR1,0,45,67_AL_.jpg",https://www.imdb.com//title/tt2380307/
127,Dead Poets Society,(1989),8.1,"https://m.media-amazon.com/images/M/MV5BOGYwYWNjMzgtNGU4ZC00NWQ2LWEwZjUtMzE1Zjc3NjY3YTU1XkEyXkFqcGdeQXVyMTQxNzMzNDI@._V1_UY67_CR0,0,45,67_AL_.jpg",https://www.imdb.com//title/tt0097165/
128,Rush,(2013),8.0,"https://m.media-amazon.com/images/M/MV5BOWEwODJmZDItYTNmZC00OGM4LThlNDktOTQzZjIzMGQxODA4XkEyXkFqcGdeQXVyNjU0OTQ0OTY@._V1_UY67_CR0,0,45,67_AL_.jpg",https://www.imdb.com//title/tt1979320/
129,Warrior,(2011),8.1,"https://m.media-amazon.com/images/M/MV5BMTk4ODk5MTMyNV5BMl5BanBnXkFtZTcwMDMyNTg0Ng@@._V1_UX45_CR0,0,45,67_AL_.jpg",https://www.imdb.com//title/tt1291584/
130,Green Book,(2018),8.2,"https://m.media-amazon.com/images/M/MV5BYzIzYmJlYTYtNGNiYy00N2EwLTk4ZjItMGYyZTJiOTVkM2RlXkEyXkFqcGdeQXVyODY1NDk1NjE@._V1_UX45_CR0,0,45,67_AL_.jpg",https://www.imdb.com//title/tt6966692/
131,Spotlight,(2015),8.0,"https://m.media-amazon.com/images/M/MV5BMjIyOTM5OTIzNV5BMl5BanBnXkFtZTgwMDkzODE2NjE@._V1_UY67_CR0,0,45,67_AL_.jpg",https://www.imdb.com//title/tt1895587/
132,The Help,(2011),8.0,"https://m.media-amazon.com/images/M/MV5BMTM5OTMyMjIxOV5BMl5BanBnXkFtZTcwNzU4MjIwNQ@@._V1_UY67_CR0,0,45,67_AL_.jpg",https://www.imdb.com//title/tt1454029/
133,It's a Wonderful Life,(1946),8.6,"https://m.media-amazon.com/images/M/MV5BZjc4NDZhZWMtNGEzYS00ZWU2LThlM2ItNTA0YzQ0OTExMTE2XkEyXkFqcGdeQXVyNjUwMzI2NzU@._V1_UY67_CR0,0,45,67_AL_.jpg",https://www.imdb.com//title/tt0038650/
134,Beauty and the Beast,(1991),8.0,"https://m.media-amazon.com/images/M/MV5BMzE5MDM1NDktY2I0OC00YWI5LTk2NzUtYjczNDczOWQxYjM0XkEyXkFqcGdeQXVyMTQxNzMzNDI@._V1_UY67_CR0,0,45,67_AL_.jpg",https://www.imdb.com//title/tt0101414/
135,Citizen Kane,(1941),8.3,"https://m.media-amazon.com/images/M/MV5BYjBiOTYxZWItMzdiZi00NjlkLWIzZTYtYmFhZjhiMTljOTdkXkEyXkFqcGdeQXVyNzkwMjQ5NzM@._V1_UX45_CR0,0,45,67_AL_.jpg",https://www.imdb.com//title/tt0033467/
136,The Thing,(1982),8.1,"https://m.media-amazon.com/images/M/MV5BNGViZWZmM2EtNGYzZi00ZDAyLTk3ODMtNzIyZTBjN2Y1NmM1XkEyXkFqcGdeQXVyNTAyODkwOQ@@._V1_UX45_CR0,0,45,67_AL_.jpg",https://www.imdb.com//title/tt0084787/
137,Room,(2015),8.1,"https://m.media-amazon.com/images/M/MV5BMjE4NzgzNzEwMl5BMl5BanBnXkFtZTgwMTMzMDE0NjE@._V1_UY67_CR0,0,45,67_AL_.jpg",https://www.imdb.com//title/tt3170832/
138,Platoon,(1986),8.1,"https://m.media-amazon.com/images/M/MV5BMzRjZjdlMjQtODVkYS00N2YzLWJlYWYtMGVlN2E5MWEwMWQzXkEyXkFqcGdeQXVyMTQxNzMzNDI@._V1_UX45_CR0,0,45,67_AL_.jpg",https://www.imdb.com//title/tt0091763/
139,Unforgiven,(1992),8.2,"https://m.media-amazon.com/images/M/MV5BODM3YWY4NmQtN2Y3Ni00OTg0LWFhZGQtZWE3ZWY4MTJlOWU4XkEyXkFqcGdeQXVyNjU0OTQ0OTY@._V1_UX45_CR0,0,45,67_AL_.jpg",https://www.imdb.com//title/tt0105695/
140,Aladdin,(1992),8.0,"https://m.media-amazon.com/images/M/MV5BY2Q2NDI1MjUtM2Q5ZS00MTFlLWJiYWEtNTZmNjQ3OGJkZDgxXkEyXkFqcGdeQXVyNTI4MjkwNjA@._V1_UY67_CR0,0,45,67_AL_.jpg",https://www.imdb.com//title/tt0103639/
141,Vertigo,(1958),8.3,"https://m.media-amazon.com/images/M/MV5BYTE4ODEwZDUtNDFjOC00NjAxLWEzYTQtYTI1NGVmZmFlNjdiL2ltYWdlL2ltYWdlXkEyXkFqcGdeQXVyNjc1NTYyMjg@._V1_UX45_CR0,0,45,67_AL_.jpg",https://www.imdb.com//title/tt0052357/
142,Amadeus,(1984),8.3,"https://m.media-amazon.com/images/M/MV5BNWJlNzUzNGMtYTAwMS00ZjI2LWFmNWQtODcxNWUxODA5YmU1XkEyXkFqcGdeQXVyNTIzOTk5ODM@._V1_UX45_CR0,0,45,67_AL_.jpg",https://www.imdb.com//title/tt0086879/
143,Life of Brian,(1979),8.0,"https://m.media-amazon.com/images/M/MV5BMzAwNjU1OTktYjY3Mi00NDY5LWFlZWUtZjhjNGE0OTkwZDkwXkEyXkFqcGdeQXVyMTQxNzMzNDI@._V1_UX45_CR0,0,45,67_AL_.jpg",https://www.imdb.com//title/tt0079470/
144,Stand by Me,(1986),8.1,"https://m.media-amazon.com/images/M/MV5BODJmY2Y2OGQtMDg2My00N2Q3LWJmZTUtYTc2ODBjZDVlNDlhXkEyXkFqcGdeQXVyMTQxNzMzNDI@._V1_UX45_CR0,0,45,67_AL_.jpg",https://www.imdb.com//title/tt0092005/
145,The Exorcist,(1973),8.0,"https://m.media-amazon.com/images/M/MV5BYjhmMGMxZDYtMTkyNy00YWVmLTgyYmUtYTU3ZjcwNTBjN2I1XkEyXkFqcGdeQXVyNzkwMjQ5NzM@._V1_UX45_CR0,0,45,67_AL_.jpg",https://www.imdb.com//title/tt0070047/
146,The Wizard of Oz,(1939),8.0,"https://m.media-amazon.com/images/M/MV5BNjUyMTc4MDExMV5BMl5BanBnXkFtZTgwNDg0NDIwMjE@._V1_UX45_CR0,0,45,67_AL_.jpg",https://www.imdb.com//title/tt0032138/
147,3 Idiots,(2009),8.3,"https://m.media-amazon.com/images/M/MV5BNTkyOGVjMGEtNmQzZi00NzFlLTlhOWQtODYyMDc2ZGJmYzFhXkEyXkFqcGdeQXVyNjU0OTQ0OTY@._V1_UY67_CR1,0,45,67_AL_.jpg",https://www.imdb.com//title/tt1187043/
148,The Lives of Others,(2006),8.4,"https://m.media-amazon.com/images/M/MV5BOTQyZGFjNWMtYWFiYy00OWU1LTlhMjAtYTBiNmU5NjJiNTAzXkEyXkFqcGdeQXVyMTI3ODAyMzE2._V1_UY67_CR1,0,45,67_AL_.jpg",https://www.imdb.com//title/tt0405094/
149,Mononoke-hime,(1997),8.3,"https://m.media-amazon.com/images/M/MV5BNGIzY2IzODQtNThmMi00ZDE4LWI5YzAtNzNlZTM1ZjYyYjUyXkEyXkFqcGdeQXVyODEzNjM5OTQ@._V1_UX45_CR0,0,45,67_AL_.jpg",https://www.imdb.com//title/tt0119698/
150,Hauru no ugoku shiro,(2004),8.1,"https://m.media-amazon.com/images/M/MV5BNmM4YTFmMmItMGE3Yy00MmRkLTlmZGEtMzZlOTQzYjk3MzA2XkEyXkFqcGdeQXVyMTMxODk2OTU@._V1_UX45_CR0,0,45,67_AL_.jpg",https://www.imdb.com//title/tt0347149/
151,Ford v Ferrari,(2019),8.1,"https://m.media-amazon.com/images/M/MV5BM2UwMDVmMDItM2I2Yi00NGZmLTk4ZTUtY2JjNTQ3OGQ5ZjM2XkEyXkFqcGdeQXVyMTA1OTYzOTUx._V1_UY67_CR0,0,45,67_AL_.jpg",https://www.imdb.com//title/tt1950186/
152,Hotel Rwanda,(2004),8.1,"https://m.media-amazon.com/images/M/MV5BZGJjYmIzZmQtNWE4Yy00ZGVmLWJkZGEtMzUzNmQ4ZWFlMjRhXkEyXkFqcGdeQXVyMTMxODk2OTU@._V1_UY67_CR0,0,45,67_AL_.jpg",https://www.imdb.com//title/tt0395169/
153,Der Untergang,(2004),8.2,"https://m.media-amazon.com/images/M/MV5BMTU0NTU5NTAyMl5BMl5BanBnXkFtZTYwNzYwMDg2._V1_UY67_CR0,0,45,67_AL_.jpg",https://www.imdb.com//title/tt0363163/
154,Raging Bull,(1980),8.1,"https://m.media-amazon.com/images/M/MV5BYjRmODkzNDItMTNhNi00YjJlLTg0ZjAtODlhZTM0YzgzYThlXkEyXkFqcGdeQXVyNzQ1ODk3MTQ@._V1_UY67_CR0,0,45,67_AL_.jpg",https://www.imdb.com//title/tt0081398/
155,Once Upon a Time in America,(1984),8.3,"https://m.media-amazon.com/images/M/MV5BMGFkNWI4MTMtNGQ0OC00MWVmLTk3MTktOGYxN2Y2YWVkZWE2XkEyXkFqcGdeQXVyNjU0OTQ0OTY@._V1_UX45_CR0,0,45,67_AL_.jpg",https://www.imdb.com//title/tt0087843/
156,Shichinin no samurai,(1954),8.6,"https://m.media-amazon.com/images/M/MV5BOWE4ZDdhNmMtNzE5ZC00NzExLTlhNGMtY2ZhYjYzODEzODA1XkEyXkFqcGdeQXVyNTAyODkwOQ@@._V1_UY67_CR1,0,45,67_AL_.jpg",https://www.imdb.com//title/tt0047478/
157,The Deer Hunter,(1978),8.1,"https://m.media-amazon.com/images/M/MV5BNDhmNTA0ZDMtYjhkNS00NzEzLWIzYTItOGNkMTVmYjE2YmI3XkEyXkFqcGdeQXVyNzkwMjQ5NzM@._V1_UY67_CR0,0,45,67_AL_.jpg",https://www.imdb.com//title/tt0077416/
158,Tonari no Totoro,(1988),8.1,"https://m.media-amazon.com/images/M/MV5BYzJjMTYyMjQtZDI0My00ZjE2LTkyNGYtOTllNGQxNDMyZjE0XkEyXkFqcGdeQXVyMTMxODk2OTU@._V1_UY67_CR1,0,45,67_AL_.jpg",https://www.imdb.com//title/tt0096283/
159,Once Upon a Time in the West,(1968),8.5,"https://m.media-amazon.com/images/M/MV5BZGI5MjBmYzYtMzJhZi00NGI1LTk3MzItYjBjMzcxM2U3MDdiXkEyXkFqcGdeQXVyNzkwMjQ5NzM@._V1_UX45_CR0,0,45,67_AL_.jpg",https://www.imdb.com//title/tt0064116/
160,North by Northwest,(1959),8.3,"https://m.media-amazon.com/images/M/MV5BZDA3NDExMTUtMDlhOC00MmQ5LWExZGUtYmI1NGVlZWI4OWNiXkEyXkFqcGdeQXVyNjc1NTYyMjg@._V1_UX45_CR0,0,45,67_AL_.jpg",https://www.imdb.com//title/tt0053125/
161,Chinatown,(1974),8.1,"https://m.media-amazon.com/images/M/MV5BOGMwYmY5ZmEtMzY1Yi00OWJiLTk1Y2MtMzI2MjBhYmZkNTQ0XkEyXkFqcGdeQXVyNzkwMjQ5NzM@._V1_UX45_CR0,0,45,67_AL_.jpg",https://www.imdb.com//title/tt0071315/
162,Jagten,(2012),8.3,"https://m.media-amazon.com/images/M/MV5BMTg2NDg3ODg4NF5BMl5BanBnXkFtZTcwNzk3NTc3Nw@@._V1_UY67_CR1,0,45,67_AL_.jpg",https://www.imdb.com//title/tt2106476/
163,To Kill a Mockingbird,(1962),8.2,"https://m.media-amazon.com/images/M/MV5BNmVmYzcwNzMtMWM1NS00MWIyLThlMDEtYzUwZDgzODE1NmE2XkEyXkFqcGdeQXVyNzkwMjQ5NzM@._V1_UX45_CR0,0,45,67_AL_.jpg",https://www.imdb.com//title/tt0056592/
164,Gone with the Wind,(1939),8.1,"https://m.media-amazon.com/images/M/MV5BYjUyZWZkM2UtMzYxYy00ZmQ3LWFmZTQtOGE2YjBkNjA3YWZlXkEyXkFqcGdeQXVyNzkwMjQ5NzM@._V1_UX45_CR0,0,45,67_AL_.jpg",https://www.imdb.com//title/tt0031381/
165,Before Sunrise,(1995),8.1,"https://m.media-amazon.com/images/M/MV5BZDdiZTAwYzAtMDI3Ni00OTRjLTkzN2UtMGE3MDMyZmU4NTU4XkEyXkFqcGdeQXVyNjU0OTQ0OTY@._V1_UY67_CR0,0,45,67_AL_.jpg",https://www.imdb.com//title/tt0112471/
166,Lawrence of Arabia,(1962),8.3,"https://m.media-amazon.com/images/M/MV5BYWY5ZjhjNGYtZmI2Ny00ODM0LWFkNzgtZmI1YzA2N2MxMzA0XkEyXkFqcGdeQXVyNjUwNzk3NDc@._V1_UY67_CR0,0,45,67_AL_.jpg",https://www.imdb.com//title/tt0056172/
167,Hachi: A Dog's Tale,(2009),8.0,"https://m.media-amazon.com/images/M/MV5BNzE4NDg5OWMtMzg3NC00ZDRjLTllMDMtZTRjNWZmNjBmMGZlXkEyXkFqcGdeQXVyMTMxODk2OTU@._V1_UY67_CR1,0,45,67_AL_.jpg",https://www.imdb.com//title/tt1028532/
168,The Batman,(2022),8.2,"https://m.media-amazon.com/images/M/MV5BMDdmMTBiNTYtMDIzNi00NGVlLWIzMDYtZTk3MTQ3NGQxZGEwXkEyXkFqcGdeQXVyMzMwOTU5MDk@._V1_UY67_CR0,0,45,67_AL_.jpg",https://www.imdb.com//title/tt1877830/
169,Hotaru no haka,(1988),8.5,"https://m.media-amazon.com/images/M/MV5BZmY2NjUzNDQtNTgxNC00M2Q4LTljOWQtMjNjNDBjNWUxNmJlXkEyXkFqcGdeQXVyNTA4NzY1MzY@._V1_UX45_CR0,0,45,67_AL_.jpg",https://www.imdb.com//title/tt0095327/
170,Some Like It Hot,(1959),8.2,"https://m.media-amazon.com/images/M/MV5BNzAyOGIxYjAtMGY2NC00ZTgyLWIwMWEtYzY0OWQ4NDFjOTc5XkEyXkFqcGdeQXVyNjU0OTQ0OTY@._V1_UX45_CR0,0,45,67_AL_.jpg",https://www.imdb.com//title/tt0053291/
171,Dances with Wolves,(1990),8.0,"https://m.media-amazon.com/images/M/MV5BMTY3OTI5NDczN15BMl5BanBnXkFtZTcwNDA0NDY3Mw@@._V1_UX45_CR0,0,45,67_AL_.jpg",https://www.imdb.com//title/tt0099348/
172,The Sting,(1973),8.2,"https://m.media-amazon.com/images/M/MV5BNGU3NjQ4YTMtZGJjOS00YTQ3LThmNmItMTI5MDE2ODI3NzY3XkEyXkFqcGdeQXVyMjUzOTY1NTc@._V1_UX45_CR0,0,45,67_AL_.jpg",https://www.imdb.com//title/tt0070735/
173,Before Sunset,(2004),8.0,"https://m.media-amazon.com/images/M/MV5BMTQ1MjAwNTM5Ml5BMl5BanBnXkFtZTYwNDM0MTc3._V1_UY67_CR0,0,45,67_AL_.jpg",https://www.imdb.com//title/tt0381681/
174,Nuovo Cinema Paradiso,(1988),8.4,"https://m.media-amazon.com/images/M/MV5BM2FhYjEyYmYtMDI1Yy00YTdlLWI2NWQtYmEzNzAxOGY1NjY2XkEyXkFqcGdeQXVyNTA3NTIyNDg@._V1_UY67_CR0,0,45,67_AL_.jpg",https://www.imdb.com//title/tt0095765/
175,Per qualche dollaro in più,(1965),8.2,"https://m.media-amazon.com/images/M/MV5BZDJjMjM0ZGQtNzdlNS00MTRhLTg3OTYtZDc3OTgwN2Y2OGQ1XkEyXkFqcGdeQXVyMjUzOTY1NTc@._V1_UX45_CR0,0,45,67_AL_.jpg",https://www.imdb.com//title/tt0059578/
176,Das Boot,(1981),8.3,"https://m.media-amazon.com/images/M/MV5BOGZhZDIzNWMtNjkxMS00MDQ1LThkMTYtZWQzYWU3MWMxMGU5XkEyXkFqcGdeQXVyNjc1NTYyMjg@._V1_UX45_CR0,0,45,67_AL_.jpg",https://www.imdb.com//title/tt0082096/
177,Kimi no na wa.,(2016),8.3,"https://m.media-amazon.com/images/M/MV5BODRmZDVmNzUtZDA4ZC00NjhkLWI2M2UtN2M0ZDIzNDcxYThjL2ltYWdlXkEyXkFqcGdeQXVyNTk0MzMzODA@._V1_UY67_CR0,0,45,67_AL_.jpg",https://www.imdb.com//title/tt5311514/
178,Jodaeiye Nader az Simin,(2011),8.2,"https://m.media-amazon.com/images/M/MV5BN2JmMjViMjMtZTM5Mi00ZGZkLTk5YzctZDg5MjFjZDE4NjNkXkEyXkFqcGdeQXVyMTMxODk2OTU@._V1_UY67_CR0,0,45,67_AL_.jpg",https://www.imdb.com//title/tt1832382/
179,The Great Escape,(1963),8.2,"https://m.media-amazon.com/images/M/MV5BNzA2NmYxMWUtNzBlMC00MWM2LTkwNmQtYTFlZjQwODNhOWE0XkEyXkFqcGdeQXVyNTIzOTk5ODM@._V1_UX45_CR0,0,45,67_AL_.jpg",https://www.imdb.com//title/tt0057115/
180,Amores perros,(2000),8.0,"https://m.media-amazon.com/images/M/MV5BMjQxMWJhMzMtMzllZi00NzMwLTllYjktNTcwZmU4ZmU3NTA0XkEyXkFqcGdeQXVyMTAzMDM4MjM0._V1_UY67_CR2,0,45,67_AL_.jpg",https://www.imdb.com//title/tt0245712/
181,Modern Times,(1936),8.5,"https://m.media-amazon.com/images/M/MV5BYjJiZjMzYzktNjU0NS00OTkxLWEwYzItYzdhYWJjN2QzMTRlL2ltYWdlL2ltYWdlXkEyXkFqcGdeQXVyNjU0OTQ0OTY@._V1_UX45_CR0,0,45,67_AL_.jpg",https://www.imdb.com//title/tt0027977/
182,The Elephant Man,(1980),8.1,"https://m.media-amazon.com/images/M/MV5BMDVjNjIwOGItNDE3Ny00OThjLWE0NzQtZTU3YjMzZTZjMzhkXkEyXkFqcGdeQXVyMTQxNzMzNDI@._V1_UX45_CR0,0,45,67_AL_.jpg",https://www.imdb.com//title/tt0080678/
183,Singin' in the Rain,(1952),8.3,"https://m.media-amazon.com/images/M/MV5BZDRjNGViMjQtOThlMi00MTA3LThkYzQtNzJkYjBkMGE0YzE1XkEyXkFqcGdeQXVyNDYyMDk5MTU@._V1_UY67_CR0,0,45,67_AL_.jpg",https://www.imdb.com//title/tt0045152/
184,Ben-Hur,(1959),8.1,"https://m.media-amazon.com/images/M/MV5BNjgxY2JiZDYtZmMwOC00ZmJjLWJmODUtMTNmNWNmYWI5ODkwL2ltYWdlL2ltYWdlXkEyXkFqcGdeQXVyNjc1NTYyMjg@._V1_UX45_CR0,0,45,67_AL_.jpg",https://www.imdb.com//title/tt0052618/
185,Gandhi,(1982),8.0,"https://m.media-amazon.com/images/M/MV5BMzJiZDRmOWUtYjE2MS00Mjc1LTg1ZDYtNTQxYWJkZTg1OTM4XkEyXkFqcGdeQXVyNjUwNzk3NDc@._V1_UX45_CR0,0,45,67_AL_.jpg",https://www.imdb.com//title/tt0083987/
186,The Sound of Music,(1965),8.0,"https://m.media-amazon.com/images/M/MV5BM2Q3YWMzMWItMjY4NS00ZjQ4LWEwYzQtODMwMjU1ZDg4ZjA4XkEyXkFqcGdeQXVyMDI2NDg0NQ@@._V1_UX45_CR0,0,45,67_AL_.jpg",https://www.imdb.com//title/tt0059742/
187,The Great Dictator,(1940),8.4,"https://m.media-amazon.com/images/M/MV5BMmExYWJjNTktNGUyZS00ODhmLTkxYzAtNWIzOGEyMGNiMmUwXkEyXkFqcGdeQXVyNjU0OTQ0OTY@._V1_UY67_CR0,0,45,67_AL_.jpg",https://www.imdb.com//title/tt0032553/
188,Sunset Blvd.,(1950),8.4,"https://m.media-amazon.com/images/M/MV5BMTU0NTkyNzYwMF5BMl5BanBnXkFtZTgwMDU0NDk5MTI@._V1_UX45_CR0,0,45,67_AL_.jpg",https://www.imdb.com//title/tt0043014/
189,The Bridge on the River Kwai,(1957),8.1,"https://m.media-amazon.com/images/M/MV5BOGY5NmNlMmQtYzRlYy00NGQ5LWFkYjYtNzExZmQyMTg0ZDA0XkEyXkFqcGdeQXVyNDIzMzcwNjc@._V1_UX45_CR0,0,45,67_AL_.jpg",https://www.imdb.com//title/tt0050212/
190,El secreto de sus ojos,(2009),8.1,"https://m.media-amazon.com/images/M/MV5BY2FhZGI5M2QtZWFiZS00NjkwLWE4NWQtMzg3ZDZjNjdkYTJiXkEyXkFqcGdeQXVyMTMxODk2OTU@._V1_UY67_CR0,0,45,67_AL_.jpg",https://www.imdb.com//title/tt1305806/
191,Relatos salvajes,(2014),8.1,"https://m.media-amazon.com/images/M/MV5BNGQzY2Y0MTgtMDA4OC00NjM3LWI0ZGQtNTJlM2UxZDQxZjI0XkEyXkFqcGdeQXVyNDUzOTQ5MjY@._V1_UY67_CR1,0,45,67_AL_.jpg",https://www.imdb.com//title/tt3011894/
192,Paths of Glory,(1957),8.4,"https://m.media-amazon.com/images/M/MV5BNjViMmRkOTEtM2ViOS00ODg0LWJhYWEtNTBlOGQxNDczOGY3XkEyXkFqcGdeQXVyMDI2NDg0NQ@@._V1_UY67_CR1,0,45,67_AL_.jpg",https://www.imdb.com//title/tt0050825/
193,Taare Zameen Par,(2007),8.2,"https://m.media-amazon.com/images/M/MV5BMDhjZWViN2MtNzgxOS00NmI4LThiZDQtZDI3MzM4MDE4NTc0XkEyXkFqcGdeQXVyMTMxODk2OTU@._V1_UY67_CR1,0,45,67_AL_.jpg",https://www.imdb.com//title/tt0986264/
194,Det sjunde inseglet,(1957),8.1,"https://m.media-amazon.com/images/M/MV5BM2I1ZWU4YjMtYzU0My00YmMzLWFmNTAtZDJhZGYwMmI3YWQ5XkEyXkFqcGdeQXVyNjU0OTQ0OTY@._V1_UX45_CR0,0,45,67_AL_.jpg",https://www.imdb.com//title/tt0050976/
195,City Lights,(1931),8.4,"https://m.media-amazon.com/images/M/MV5BY2I4MmM1N2EtM2YzOS00OWUzLTkzYzctNDc5NDg2N2IyODJmXkEyXkFqcGdeQXVyNzkwMjQ5NzM@._V1_UX45_CR0,0,45,67_AL_.jpg",https://www.imdb.com//title/tt0021749/
196,Dangal,(2016),8.2,"https://m.media-amazon.com/images/M/MV5BMTQ4MzQzMzM2Nl5BMl5BanBnXkFtZTgwMTQ1NzU3MDI@._V1_UY67_CR1,0,45,67_AL_.jpg",https://www.imdb.com//title/tt5074352/
197,The Apartment,(1960),8.2,"https://m.media-amazon.com/images/M/MV5BNzkwODFjNzItMmMwNi00MTU5LWE2MzktM2M4ZDczZGM1MmViXkEyXkFqcGdeQXVyNDY2MTk1ODk@._V1_UX45_CR0,0,45,67_AL_.jpg",https://www.imdb.com//title/tt0053604/
198,Mary and Max.,(2009),8.1,"https://m.media-amazon.com/images/M/MV5BMDgzYjQwMDMtNGUzYi00MTRmLWIyMGMtNjE1OGZkNzY2YWIzL2ltYWdlXkEyXkFqcGdeQXVyNjU0OTQ0OTY@._V1_UY67_CR1,0,45,67_AL_.jpg",https://www.imdb.com//title/tt0978762/
199,Cool Hand Luke,(1967),8.0,"https://m.media-amazon.com/images/M/MV5BOWFlNzZhYmYtYTI5YS00MDQyLWIyNTUtNTRjMWUwNTEzNjA0XkEyXkFqcGdeQXVyNjUwNzk3NDc@._V1_UX45_CR0,0,45,67_AL_.jpg",https://www.imdb.com//title/tt0061512/
200,Dial M for Murder,(1954),8.1,"https://m.media-amazon.com/images/M/MV5BOWIwODIxYWItZDI4MS00YzhhLWE3MmYtMzlhZDIwOTMzZmE5L2ltYWdlXkEyXkFqcGdeQXVyNjc1NTYyMjg@._V1_UX45_CR0,0,45,67_AL_.jpg",https://www.imdb.com//title/tt0046912/
201,Metropolis,(1927),8.2,"https://m.media-amazon.com/images/M/MV5BMTg5YWIyMWUtZDY5My00Zjc1LTljOTctYmI0MWRmY2M2NmRkXkEyXkFqcGdeQXVyMTMxODk2OTU@._V1_UY67_CR0,0,45,67_AL_.jpg",https://www.imdb.com//title/tt0017136/
202,Incendies,(2010),8.2,"https://m.media-amazon.com/images/M/MV5BMWE3MGYzZjktY2Q5Mi00Y2NiLWIyYWUtMmIyNzA3YmZlMGFhXkEyXkFqcGdeQXVyMTMxODk2OTU@._V1_UX45_CR0,0,45,67_AL_.jpg",https://www.imdb.com//title/tt1255953/
203,In the Name of the Father,(1993),8.1,"https://m.media-amazon.com/images/M/MV5BMmYyOTgwYWItYmU3Ny00M2E2LTk0NWMtMDVlNmQ0MWZiMTMxXkEyXkFqcGdeQXVyNzkwMjQ5NzM@._V1_UX45_CR0,0,45,67_AL_.jpg",https://www.imdb.com//title/tt0107207/
204,Salinui chueok,(2003),8.1,"https://m.media-amazon.com/images/M/MV5BOGViNTg4YTktYTQ2Ni00MTU0LTk2NWUtMTI4OTc1YTM0NzQ2XkEyXkFqcGdeQXVyMDM2NDM2MQ@@._V1_UY67_CR0,0,45,67_AL_.jpg",https://www.imdb.com//title/tt0353969/
205,The Third Man,(1949),8.1,"https://m.media-amazon.com/images/M/MV5BYjE2OTdhMWUtOGJlMy00ZDViLWIzZjgtYjZkZGZmMDZjYmEyXkEyXkFqcGdeQXVyNzkwMjQ5NzM@._V1_UX45_CR0,0,45,67_AL_.jpg",https://www.imdb.com//title/tt0041959/
206,La haine,(1995),8.0,"https://m.media-amazon.com/images/M/MV5BNDNiOTA5YjktY2Q0Ni00ODgzLWE5MWItNGExOWRlYjY2MjBlXkEyXkFqcGdeQXVyNjQ2MjQ5NzM@._V1_UY67_CR1,0,45,67_AL_.jpg",https://www.imdb.com//title/tt0113247/
207,Rashômon,(1950),8.1,"https://m.media-amazon.com/images/M/MV5BMjEzMzA4NDE2OF5BMl5BanBnXkFtZTcwNTc5MDI2NQ@@._V1_UY67_CR0,0,45,67_AL_.jpg",https://www.imdb.com//title/tt0042876/
208,Barry Lyndon,(1975),8.1,"https://m.media-amazon.com/images/M/MV5BNmY0MWY2NDctZDdmMi00MjA1LTk0ZTQtZDMyZTQ1NTNlYzVjXkEyXkFqcGdeQXVyMjUzOTY1NTc@._V1_UX45_CR0,0,45,67_AL_.jpg",https://www.imdb.com//title/tt0072684/
209,Ladri di biciclette,(1948),8.2,"https://m.media-amazon.com/images/M/MV5BNmI1ODdjODctMDlmMC00ZWViLWI5MzYtYzRhNDdjYmM3MzFjXkEyXkFqcGdeQXVyMTMxODk2OTU@._V1_UY67_CR0,0,45,67_AL_.jpg",https://www.imdb.com//title/tt0040522/
210,Network,(1976),8.0,"https://m.media-amazon.com/images/M/MV5BZGNjYjM2MzItZGQzZi00NmY3LTgxOGUtMTQ2MWQxNWQ2MmMwXkEyXkFqcGdeQXVyNzM0MTUwNTY@._V1_UX45_CR0,0,45,67_AL_.jpg",https://www.imdb.com//title/tt0074958/
211,M - Eine Stadt sucht einen Mörder,(1931),8.3,"https://m.media-amazon.com/images/M/MV5BODA4ODk3OTEzMF5BMl5BanBnXkFtZTgwMTQ2ODMwMzE@._V1_UX45_CR0,0,45,67_AL_.jpg",https://www.imdb.com//title/tt0022100/
212,Double Indemnity,(1944),8.2,"https://m.media-amazon.com/images/M/MV5BOTdlNjgyZGUtOTczYi00MDdhLTljZmMtYTEwZmRiOWFkYjRhXkEyXkFqcGdeQXVyNDY2MTk1ODk@._V1_UX45_CR0,0,45,67_AL_.jpg",https://www.imdb.com//title/tt0036775/
213,On the Waterfront,(1954),8.1,"https://m.media-amazon.com/images/M/MV5BY2I0MWFiZDMtNWQyYy00Njk5LTk3MDktZjZjNTNmZmVkYjkxXkEyXkFqcGdeQXVyNjc1NTYyMjg@._V1_UX45_CR0,0,45,67_AL_.jpg",https://www.imdb.com//title/tt0047296/
214,Klaus,(2019),8.1,"https://m.media-amazon.com/images/M/MV5BMWYwOThjM2ItZGYxNy00NTQwLWFlZWEtM2MzM2Q5MmY3NDU5XkEyXkFqcGdeQXVyMTkxNjUyNQ@@._V1_UY67_CR0,0,45,67_AL_.jpg",https://www.imdb.com//title/tt4729430/
215,Ah-ga-ssi,(2016),8.0,"https://m.media-amazon.com/images/M/MV5BNDJhYTk2MTctZmVmOS00OTViLTgxNjQtMzQxOTRiMDdmNGRjXkEyXkFqcGdeQXVyMTMxODk2OTU@._V1_UY67_CR1,0,45,67_AL_.jpg",https://www.imdb.com//title/tt4016934/
216,Rebecca,(1940),8.0,"https://m.media-amazon.com/images/M/MV5BYTcxYWExOTMtMWFmYy00ZjgzLWI0YjktNWEzYzJkZTg0NDdmL2ltYWdlXkEyXkFqcGdeQXVyNjc1NTYyMjg@._V1_UY67_CR1,0,45,67_AL_.jpg",https://www.imdb.com//title/tt0032976/
217,The Father,(2020),8.2,"https://m.media-amazon.com/images/M/MV5BZGJhNWRiOWQtMjI4OS00ZjcxLTgwMTAtMzQ2ODkxY2JkOTVlXkEyXkFqcGdeQXVyMTkxNjUyNQ@@._V1_UY67_CR0,0,45,67_AL_.jpg",https://www.imdb.com//title/tt10272386/
218,All About Eve,(1950),8.2,"https://m.media-amazon.com/images/M/MV5BMTY2MTAzODI5NV5BMl5BanBnXkFtZTgwMjM4NzQ0MjE@._V1_UX45_CR0,0,45,67_AL_.jpg",https://www.imdb.com//title/tt0042192/
219,The Kid,(1921),8.2,"https://m.media-amazon.com/images/M/MV5BZjhhMThhNDItNTY2MC00MmU1LTliNDEtNDdhZjdlNTY5ZDQ1XkEyXkFqcGdeQXVyNjc1NTYyMjg@._V1_UX45_CR0,0,45,67_AL_.jpg",https://www.imdb.com//title/tt0012349/
220,Ran,(1985),8.2,"https://m.media-amazon.com/images/M/MV5BNTEyNjg0MDM4OF5BMl5BanBnXkFtZTgwODI0NjUxODE@._V1_UY67_CR1,0,45,67_AL_.jpg",https://www.imdb.com//title/tt0089881/
221,The Treasure of the Sierra Madre,(1948),8.2,"https://m.media-amazon.com/images/M/MV5BOTJlZWMxYzEtMjlkMS00ODE0LThlM2ItMDI3NGQ2YjhmMzkxXkEyXkFqcGdeQXVyMDI2NDg0NQ@@._V1_UX45_CR0,0,45,67_AL_.jpg",https://www.imdb.com//title/tt0040897/
222,Witness for the Prosecution,(1957),8.4,"https://m.media-amazon.com/images/M/MV5BNDQwODU5OWYtNDcyNi00MDQ1LThiOGMtZDkwNWJiM2Y3MDg0XkEyXkFqcGdeQXVyMDI2NDg0NQ@@._V1_UX45_CR0,0,45,67_AL_.jpg",https://www.imdb.com//title/tt0051201/
223,Yôjinbô,(1961),8.2,"https://m.media-amazon.com/images/M/MV5BZThiZjAzZjgtNDU3MC00YThhLThjYWUtZGRkYjc2ZWZlOTVjXkEyXkFqcGdeQXVyNTA4NzY1MzY@._V1_UX45_CR0,0,45,67_AL_.jpg",https://www.imdb.com//title/tt0055630/
224,Les quatre cents coups,(1959),8.0,"https://m.media-amazon.com/images/M/MV5BYTQ4MjA4NmYtYjRhNi00MTEwLTg0NjgtNjk3ODJlZGU4NjRkL2ltYWdlL2ltYWdlXkEyXkFqcGdeQXVyNjU0OTQ0OTY@._V1_UY67_CR2,0,45,67_AL_.jpg",https://www.imdb.com//title/tt0053198/
225,Persona,(1966),8.0,"https://m.media-amazon.com/images/M/MV5BNjdhMGYyNTYtNTg5OC00MzY0LWE4YjctZWI3NDRkMzIyODBiXkEyXkFqcGdeQXVyMjUzOTY1NTc@._V1_UX45_CR0,0,45,67_AL_.jpg",https://www.imdb.com//title/tt0060827/
226,Mr. Smith Goes to Washington,(1939),8.1,"https://m.media-amazon.com/images/M/MV5BZTYwYjYxYzgtMDE1Ni00NzU4LWJlMTEtODQ5YmJmMGJhZjI5L2ltYWdlXkEyXkFqcGdeQXVyMDI2NDg0NQ@@._V1_UX45_CR0,0,45,67_AL_.jpg",https://www.imdb.com//title/tt0031679/
227,The Gold Rush,(1925),8.1,"https://m.media-amazon.com/images/M/MV5BZjEyOTE4MzMtNmMzMy00Mzc3LWJlOTQtOGJiNDE0ZmJiOTU4L2ltYWdlXkEyXkFqcGdeQXVyNTAyODkwOQ@@._V1_UY67_CR2,0,45,67_AL_.jpg",https://www.imdb.com//title/tt0015864/
228,Smultronstället,(1957),8.1,"https://m.media-amazon.com/images/M/MV5BYWQxYzdhMDMtNjAyZC00NzE0LWFjYmQtYjk0YzMyYjA5NzZkXkEyXkFqcGdeQXVyMjUzOTY1NTc@._V1_UX45_CR0,0,45,67_AL_.jpg",https://www.imdb.com//title/tt0050986/
229,It Happened One Night,(1934),8.0,"https://m.media-amazon.com/images/M/MV5BYzJmMWE5NjAtNWMyZS00NmFiLWIwMDgtZDE2NzczYWFhNzIzXkEyXkFqcGdeQXVyNjc1NTYyMjg@._V1_UX45_CR0,0,45,67_AL_.jpg",https://www.imdb.com//title/tt0025316/
230,The Grapes of Wrath,(1940),8.0,"https://m.media-amazon.com/images/M/MV5BNzJiOGI2MjctYjUyMS00ZjkzLWE2ZmUtOTg4NTZkOTNhZDc1L2ltYWdlXkEyXkFqcGdeQXVyNjc1NTYyMjg@._V1_UY67_CR0,0,45,67_AL_.jpg",https://www.imdb.com//title/tt0032551/
231,The General,(1926),8.1,"https://m.media-amazon.com/images/M/MV5BYmRiMDFlYjYtOTMwYy00OGY2LWE0Y2QtYzQxOGNhZmUwNTIxXkEyXkFqcGdeQXVyNzkwMjQ5NzM@._V1_UY67_CR0,0,45,67_AL_.jpg",https://www.imdb.com//title/tt0017925/
232,Babam ve Oglum,(2005),8.0,"https://m.media-amazon.com/images/M/MV5BNjAzMzEwYzctNjc1MC00Nzg5LWFmMGItMTgzYmMyNTY2OTQ4XkEyXkFqcGdeQXVyNjU0OTQ0OTY@._V1_UY67_CR0,0,45,67_AL_.jpg",https://www.imdb.com//title/tt0476735/
233,Hamilton,(2020),8.2,"https://m.media-amazon.com/images/M/MV5BNjViNWRjYWEtZTI0NC00N2E3LTk0NGQtMjY4NTM3OGNkZjY0XkEyXkFqcGdeQXVyMjUxMTY3ODM@._V1_UY67_CR0,0,45,67_AL_.jpg",https://www.imdb.com//title/tt8503618/
234,Capharnaüm,(2018),8.3,"https://m.media-amazon.com/images/M/MV5BMmExNzU2ZWMtYzUwYi00YmM2LTkxZTQtNmVhNjY0NTMyMWI2XkEyXkFqcGdeQXVyMTMxODk2OTU@._V1_UY67_CR0,0,45,67_AL_.jpg",https://www.imdb.com//title/tt8267604/
235,Ikiru,(1952),8.2,"https://m.media-amazon.com/images/M/MV5BZTdkN2E5OTYtN2FiMi00YWUwLWEzMGMtZTMzNjY0NjgzYzFiXkEyXkFqcGdeQXVyMTI3ODAyMzE2._V1_UY67_CR1,0,45,67_AL_.jpg",https://www.imdb.com//title/tt0044741/
236,Judgment at Nuremberg,(1961),8.2,"https://m.media-amazon.com/images/M/MV5BNDc2ODQ5NTE2MV5BMl5BanBnXkFtZTcwODExMjUyNA@@._V1_UX45_CR0,0,45,67_AL_.jpg",https://www.imdb.com//title/tt0055031/
237,Idi i smotri,(1985),8.2,"https://m.media-amazon.com/images/M/MV5BODM4Njg0NTAtYjI5Ny00ZjAxLTkwNmItZTMxMWU5M2U3M2RjXkEyXkFqcGdeQXVyNzkwMjQ5NzM@._V1_UX45_CR0,0,45,67_AL_.jpg",https://www.imdb.com//title/tt0091251/
238,Bacheha-Ye aseman,(1997),8.1,"https://m.media-amazon.com/images/M/MV5BZTYwZWQ4ZTQtZWU0MS00N2YwLWEzMDItZWFkZWY0MWVjODVhXkEyXkFqcGdeQXVyNjU0OTQ0OTY@._V1_UX45_CR0,0,45,67_AL_.jpg",https://www.imdb.com//title/tt0118849/
239,The Best Years of Our Lives,(1946),8.0,"https://m.media-amazon.com/images/M/MV5BY2RmNTRjYzctODI4Ni00MzQyLWEyNTAtNjU0N2JkMTNhNjJkXkEyXkFqcGdeQXVyNjU0OTQ0OTY@._V1_UX45_CR0,0,45,67_AL_.jpg",https://www.imdb.com//title/tt0036868/
240,Tôkyô monogatari,(1953),8.1,"https://m.media-amazon.com/images/M/MV5BYWQ4ZTRiODktNjAzZC00Nzg1LTk1YWQtNDFmNDI0NmZiNGIwXkEyXkFqcGdeQXVyNzkwMjQ5NzM@._V1_UY67_CR0,0,45,67_AL_.jpg",https://www.imdb.com//title/tt0046438/
241,Le salaire de la peur,(1953),8.1,"https://m.media-amazon.com/images/M/MV5BZDdkNzMwZmUtY2Q5MS00ZmM2LWJhYjItYTBjMWY0MGM4MDRjXkEyXkFqcGdeQXVyNTA4NzY1MzY@._V1_UY67_CR0,0,45,67_AL_.jpg",https://www.imdb.com//title/tt0046268/
242,La battaglia di Algeri,(1966),8.0,"https://m.media-amazon.com/images/M/MV5BN2M4YTA4ZTEtN2EyNy00YTlmLWE4YzYtYjYyYjRkMWM4ZDM0XkEyXkFqcGdeQXVyMjUzOTY1NTc@._V1_UX45_CR0,0,45,67_AL_.jpg",https://www.imdb.com//title/tt0058946/
243,La passion de Jeanne d'Arc,(1928),8.1,"https://m.media-amazon.com/images/M/MV5BNjBjNDJiYTUtOWY0OS00OGVmLTg2YzctMTE0NzVhODM1ZWJmXkEyXkFqcGdeQXVyNjU0OTQ0OTY@._V1_UX45_CR0,0,45,67_AL_.jpg",https://www.imdb.com//title/tt0019254/
244,Seppuku,(1962),8.5,"https://m.media-amazon.com/images/M/MV5BYjBmYTQ1NjItZWU5MS00YjI0LTg2OTYtYmFkN2JkMmNiNWVkXkEyXkFqcGdeQXVyMTMxMTY0OTQ@._V1_UY67_CR2,0,45,67_AL_.jpg",https://www.imdb.com//title/tt0056058/
245,Sherlock Jr.,(1924),8.1,"https://m.media-amazon.com/images/M/MV5BZWFhOGU5NDctY2Q3YS00Y2VlLWI1NzEtZmIwY2ZiZjY4OTA2XkEyXkFqcGdeQXVyMDI2NDg0NQ@@._V1_UX45_CR0,0,45,67_AL_.jpg",https://www.imdb.com//title/tt0015324/
246,Tengoku to jigoku,(1963),8.3,"https://m.media-amazon.com/images/M/MV5BOTI4NTNhZDMtMWNkZi00MTRmLWJmZDQtMmJkMGVmZTEzODlhXkEyXkFqcGdeQXVyNjc1NTYyMjg@._V1_UX45_CR0,0,45,67_AL_.jpg",https://www.imdb.com//title/tt0057565/
247,To Be or Not to Be,(1942),8.0,"https://m.media-amazon.com/images/M/MV5BYTIwNDcyMjktMTczMy00NDM5LTlhNDEtMmE3NGVjOTM2YjQ3XkEyXkFqcGdeQXVyNjc0MzMzNjA@._V1_UX45_CR0,0,45,67_AL_.jpg",https://www.imdb.com//title/tt0035446/
248,Pather Panchali,(1955),8.1,"https://m.media-amazon.com/images/M/MV5BMmFkNDY5OTktNzY3Yy00OTFlLThhNjktOTRhMmZjZmIxYjAxXkEyXkFqcGdeQXVyNTgyNTA4MjM@._V1_UX45_CR0,0,45,67_AL_.jpg",https://www.imdb.com//title/tt0048473/
249,Dersu Uzala,(1975),8.0,"https://m.media-amazon.com/images/M/MV5BYWY0OWJlZTgtMWUzNy00MGJhLTk5YzQtNmY5MDEwOTIxNjMyXkEyXkFqcGdeQXVyNjc1NTYyMjg@._V1_UX45_CR0,0,45,67_AL_.jpg",https://www.imdb.com//title/tt0071411/
